timestamp_utc,elapsed_s,scene,frames,fps_avg,frame_ms_avg,frame_ms_p50,frame_ms_p95,frame_ms_p99,frame_ms_max,main_thread_ms_avg,main_thread_ms_max,render_thread_ms_avg,render_thread_ms_max,cpu_frame_ms,gpu_frame_ms,gc_alloc_kib_avg,gc_alloc_kib_max,gc_used_mib,system_used_mib,draw_calls,batches,setpass_calls,triangles
2026-07-13T19:52:42.4292553Z,4.154,GameStartup,1,0.24,4153.963,4153.963,4153.963,4153.963,4153.963,0.000,0.000,0.000,0.000,0.000,0.000,0.000,0.000,0.000,0.000,0,0,0,0
2026-07-13T19:52:42.5657727Z,5.218,GameStartup,1,0.94,1064.436,1064.436,1064.436,1064.436,1064.436,0.000,0.000,0.000,0.000,0.000,0.000,3755.894,3755.894,21.988,376.094,0,0,0,0
2026-07-13T19:52:43.6058446Z,6.269,GameStartup,20,19.04,52.512,51.533,56.116,60.875,60.875,49.433,55.945,0.000,0.000,51.927,0.164,998.885,1876.284,24.785,385.039,7,7,7,478
2026-07-13T19:52:44.6434618Z,7.307,GameStartup,20,19.26,51.931,51.848,52.695,53.482,53.482,49.253,52.690,0.000,0.000,52.032,0.157,1847.064,2276.119,30.242,431.652,7,7,7,594
2026-07-13T19:52:45.6710147Z,8.335,GameStartup,20,19.46,51.401,51.356,51.612,51.755,51.755,48.809,51.608,0.000,0.000,51.339,0.161,91.415,116.769,30.727,472.707,7,7,7,484
2026-07-13T19:52:46.6978481Z,9.362,GameStartup,20,19.48,51.342,51.334,51.466,51.580,51.580,48.759,51.458,0.000,0.000,51.343,0.188,81.097,120.142,30.270,511.000,7,7,7,484
2026-07-13T19:52:47.7272268Z,10.391,GameStartup,20,19.44,51.440,51.338,52.138,52.341,52.341,48.874,52.370,0.000,0.000,51.336,0.185,126.787,171.423,32.223,547.363,7,7,7,484
2026-07-13T19:52:48.7711854Z,11.435,GameStartup,20,19.16,52.195,51.911,53.291,54.425,54.425,49.584,54.579,0.000,0.000,52.476,0.301,80.860,115.129,31.820,578.734,7,7,7,484
2026-07-13T19:52:49.8368140Z,12.500,GameStartup,20,18.77,53.276,52.050,59.212,67.902,67.902,50.664,67.440,0.000,0.000,52.058,0.144,889.580,1486.380,35.176,633.105,7,7,7,416
2026-07-13T19:52:50.8613447Z,13.525,GameStartup,19,18.55,53.921,52.710,66.969,66.969,66.969,51.155,66.505,0.000,0.000,52.882,0.162,1635.676,2332.581,40.504,701.125,7,7,7,416
2026-07-13T19:52:51.8667329Z,14.530,GameStartup,19,18.90,52.910,52.567,57.004,57.004,57.004,50.114,56.320,0.000,0.000,56.324,0.054,1767.748,2190.026,45.078,746.188,7,7,7,416
2026-07-13T19:52:52.9158671Z,15.577,GameStartup,19,18.15,55.083,53.116,69.771,69.771,69.771,52.420,69.754,0.000,0.000,51.788,0.086,693.129,1784.716,44.355,871.449,7,7,7,272
2026-07-13T19:52:54.5616417Z,17.204,Menu,10,6.14,162.779,27.524,1390.164,1390.164,1390.164,157.393,1390.727,0.000,0.000,32.328,0.112,3950.183,35133.393,70.043,977.738,7,7,7,274
2026-07-13T19:52:55.5412583Z,18.206,Menu,505,504.46,1.982,1.661,2.447,7.843,53.497,1.800,2.968,0.000,0.000,1.568,1.456,0.058,2.332,71.488,1006.883,49,49,34,5030
2026-07-13T19:52:56.5411925Z,19.206,Menu,617,616.88,1.621,1.509,2.043,3.263,6.228,1.527,2.659,0.000,0.000,1.490,1.421,0.086,3.699,71.496,1006.941,51,51,35,5058
2026-07-13T19:52:57.5427694Z,20.207,Menu,657,656.23,1.524,1.495,1.675,2.009,3.719,1.516,2.048,0.000,0.000,1.492,1.437,0.051,0.051,71.496,1006.945,51,51,35,5058
2026-07-13T19:52:58.5442070Z,21.208,Menu,486,485.43,2.060,1.496,6.568,6.913,7.473,2.661,7.196,0.000,0.000,1.594,2.097,0.295,48.271,71.539,1004.461,42,42,34,4114
2026-07-13T19:52:59.5450675Z,22.209,Menu,571,570.64,1.752,1.621,2.232,3.896,15.010,1.711,2.077,0.000,0.000,1.512,1.446,0.051,0.051,70.871,1004.715,50,50,36,5754
2026-07-13T19:53:00.9632836Z,23.295,Game,518,476.77,2.097,1.560,2.129,2.919,217.921,37.608,217.624,0.000,0.000,1.446,1.734,1321.099,7926.338,78.262,1044.410,50,50,36,5754
2026-07-13T19:53:03.8234643Z,26.454,Game,2,0.63,1579.544,334.285,2824.804,2824.804,2824.804,1422.781,2845.561,0.000,0.000,2.211,1.603,20300.681,30053.971,94.254,1304.742,7,7,7,736
2026-07-13T19:53:06.2396688Z,28.900,Game,2,0.82,1222.892,222.901,2222.884,2222.884,2222.884,1109.556,2219.111,0.000,0.000,334.164,0.084,16459.599,32900.346,120.086,1639.652,7,7,7,736
2026-07-13T19:53:18.0013554Z,40.567,Game,9,0.77,1296.351,12.109,11583.790,11583.790,11583.790,1304.806,11678.792,0.000,0.000,7.006,0.152,175442.824,1577748.555,339.984,2063.402,8,8,7,738
2026-07-13T19:53:20.5567503Z,43.210,Game,3,1.14,880.886,526.213,1806.311,1806.311,1806.311,699.827,1808.119,0.000,0.000,11678.798,1.136,3072.962,8531.775,354.520,1662.988,302,302,302,1326
2026-07-13T19:53:22.8201538Z,45.380,Game,6,2.76,361.699,80.974,1184.550,1184.550,1184.550,356.427,1184.560,0.000,0.000,301.056,0.097,7900.464,38115.341,330.105,1961.883,7,7,7,736
2026-07-13T19:53:23.7190274Z,46.383,Game,62,61.84,16.171,9.870,54.819,172.003,172.003,13.394,99.323,0.000,0.000,9.343,3.108,103.215,563.324,310.324,2034.660,3082,589,312,313978
2026-07-13T19:53:24.7195109Z,47.383,Game,127,126.98,7.875,7.623,9.184,10.659,18.166,7.814,18.162,0.000,0.000,8.453,3.084,14.846,139.979,312.805,2036.762,3081,588,311,322758
2026-07-13T19:53:25.7258105Z,48.388,Game,134,133.25,7.505,7.224,8.669,9.080,16.394,7.444,16.388,0.000,0.000,7.200,3.057,0.185,1.453,312.813,2037.941,3081,588,311,322758
2026-07-13T19:53:26.7285425Z,49.391,Game,129,128.66,7.773,7.766,9.181,9.451,9.636,7.702,9.343,0.000,0.000,7.207,3.020,0.188,1.445,312.820,2040.379,3465,663,336,353454
2026-07-13T19:53:27.7296567Z,50.392,Game,132,131.89,7.582,7.338,8.751,9.204,10.622,7.513,10.617,0.000,0.000,6.945,3.016,0.151,1.441,312.820,2041.625,3459,663,337,350514
2026-07-13T19:53:28.7292275Z,51.393,Game,133,132.82,7.529,7.194,8.914,10.082,23.898,7.461,23.830,0.000,0.000,7.164,3.015,1.125,128.102,312.898,2043.504,3472,673,336,353808
2026-07-13T19:53:29.7360910Z,52.400,Game,128,127.12,7.866,7.772,9.043,9.869,12.172,7.803,12.629,0.000,0.000,9.932,3.081,0.180,2.574,312.910,1849.223,3309,658,336,363468
2026-07-13T19:53:30.7436712Z,53.406,Game,123,122.30,8.176,7.973,9.354,9.986,10.882,8.107,10.872,0.000,0.000,7.495,3.651,0.159,1.406,312.926,1842.848,3334,659,336,375703
2026-07-13T19:53:31.7468949Z,54.411,Game,125,124.35,8.042,7.829,9.067,9.314,10.143,7.967,10.138,0.000,0.000,7.469,3.113,0.160,1.406,312.938,1842.770,3334,678,345,386568
2026-07-13T19:53:32.7515553Z,55.415,Game,118,117.52,8.509,8.448,9.611,11.143,13.763,8.439,13.761,0.000,0.000,8.325,3.087,0.978,43.616,313.047,1844.410,3292,678,353,397291
2026-07-13T19:53:33.7558230Z,56.420,Game,112,111.46,8.972,8.990,10.165,11.113,11.126,8.895,11.114,0.000,0.000,8.785,3.433,1.036,46.188,313.199,1845.793,3742,748,324,421708
2026-07-13T19:53:34.7640372Z,57.427,Game,108,107.24,9.325,9.118,11.255,12.769,16.617,9.241,16.391,0.000,0.000,11.256,3.188,0.180,1.412,313.211,1846.617,3510,637,319,433774
2026-07-13T19:53:35.7715503Z,58.436,Game,117,116.01,8.620,8.624,10.024,10.381,10.424,8.525,10.369,0.000,0.000,8.705,3.130,0.178,1.451,313.227,1846.941,3478,626,327,421722
2026-07-13T19:53:36.7737292Z,59.438,Game,120,119.75,8.351,8.161,9.393,9.668,10.026,8.282,9.957,0.000,0.000,8.497,4.062,0.170,1.410,313.254,1847.734,3404,625,330,411392
2026-07-13T19:53:37.7839267Z,60.446,Game,114,113.03,8.847,8.813,9.922,11.967,18.497,8.772,19.576,0.000,0.000,8.118,3.357,1.186,36.391,313.359,1850.047,3400,657,330,402510
2026-07-13T19:53:38.7856281Z,61.448,Game,126,125.83,7.947,7.739,9.260,19.172,20.844,7.871,20.840,0.000,0.000,8.098,3.171,1.157,44.771,313.504,1851.535,2574,464,274,309446
2026-07-13T19:53:39.7925618Z,62.456,Game,119,118.01,8.474,8.400,10.468,11.291,11.979,8.394,11.985,0.000,0.000,9.497,3.266,0.250,6.805,313.543,1852.008,2936,561,309,353167
2026-07-13T19:53:40.7983657Z,63.462,Game,127,126.26,7.920,7.779,9.071,9.454,9.854,7.845,9.882,0.000,0.000,7.350,2.908,0.223,1.449,313.570,1853.066,3217,585,319,390211
2026-07-13T19:53:41.8056798Z,64.468,Game,117,116.32,8.597,8.220,11.304,12.351,16.909,8.529,16.852,0.000,0.000,7.839,2.954,0.304,12.520,313.605,1853.531,3268,601,332,381614
2026-07-13T19:53:42.8104577Z,65.471,Game,118,117.58,8.505,8.365,10.193,15.949,18.397,8.425,20.299,0.000,0.000,8.657,2.860,3.189,97.105,314.070,1854.902,3491,693,377,384100
2026-07-13T19:53:43.8160347Z,66.479,Game,112,111.14,8.998,8.854,11.044,11.789,31.075,8.908,29.220,0.000,0.000,8.940,2.844,3.205,91.936,314.461,1857.453,3636,752,390,401684
2026-07-13T19:53:44.8179929Z,67.481,Game,116,115.77,8.638,8.458,10.715,14.130,14.638,8.557,14.644,0.000,0.000,9.984,2.858,1.517,67.496,314.664,1858.383,3697,760,362,396449
2026-07-13T19:53:45.8242118Z,68.487,Game,113,112.40,8.897,8.833,10.339,10.900,11.308,8.817,10.972,0.000,0.000,7.167,2.775,0.221,1.412,314.691,1859.402,3607,751,366,361111
2026-07-13T19:53:46.8271580Z,69.489,Game,113,112.70,8.873,8.696,10.623,11.394,21.837,8.793,21.836,0.000,0.000,10.272,2.766,2.185,67.309,314.996,1862.414,3937,1048,437,365584
2026-07-13T19:53:47.8360777Z,70.499,Game,104,102.95,9.713,9.589,11.639,12.511,21.202,9.610,23.255,0.000,0.000,10.437,3.053,1.769,45.215,315.234,1865.938,5457,1542,497,525945
2026-07-13T19:53:48.8457272Z,71.508,Game,95,94.18,10.618,10.656,12.201,15.015,15.015,10.500,15.403,0.000,0.000,9.588,3.777,3.695,67.893,315.648,1867.184,5781,1779,539,538738
2026-07-13T19:53:49.8530647Z,72.516,Game,101,100.21,9.980,9.965,11.564,12.369,17.933,9.876,17.683,0.000,0.000,9.041,2.731,0.220,1.453,315.676,1867.902,3244,791,406,317147
2026-07-13T19:53:50.8542016Z,73.519,Game,115,114.68,8.720,8.676,10.227,10.592,10.602,8.644,10.581,0.000,0.000,9.451,2.784,0.209,1.408,315.703,1868.105,3402,825,421,337671
2026-07-13T19:53:51.8573690Z,74.521,Game,118,117.74,8.494,8.521,10.117,10.391,10.866,8.420,10.798,0.000,0.000,10.402,2.796,0.199,1.410,315.730,1868.289,3408,825,423,338295
2026-07-13T19:53:52.8607703Z,75.523,Game,120,119.71,8.353,8.064,9.604,9.940,9.965,8.270,9.963,0.000,0.000,8.956,2.804,0.199,1.412,315.758,1868.078,3470,871,439,343159
2026-07-13T19:53:53.8621880Z,76.524,Game,115,114.91,8.702,8.647,10.599,11.508,12.018,8.617,11.703,0.000,0.000,9.297,2.794,0.215,1.402,315.785,1867.867,4976,1464,479,480140
2026-07-13T19:53:54.8646673Z,77.527,Game,106,105.74,9.457,9.512,11.130,11.663,11.776,9.349,11.834,0.000,0.000,11.724,2.995,0.205,1.412,315.828,1867.270,5921,1644,496,543865
2026-07-13T19:53:55.8662309Z,78.529,Game,106,105.77,9.454,9.487,10.826,11.858,12.643,9.347,12.754,0.000,0.000,8.675,2.905,0.222,1.414,315.852,1867.246,5855,1656,512,531419
2026-07-13T19:53:56.8672368Z,79.530,Game,110,109.88,9.101,9.018,10.104,10.468,11.201,9.006,10.837,0.000,0.000,8.271,2.904,0.224,1.490,315.879,1866.676,5696,1593,509,518679
2026-07-13T19:53:57.8716467Z,80.536,Game,112,111.37,8.979,8.809,10.023,10.465,10.736,8.891,10.733,0.000,0.000,8.287,2.919,0.203,1.412,315.906,1866.750,5689,1595,508,519051
2026-07-13T19:53:58.8781408Z,81.542,Game,110,109.29,9.150,9.077,10.265,10.749,14.648,9.059,14.677,0.000,0.000,9.987,2.912,0.208,1.490,315.934,1867.570,5671,1577,506,516950
2026-07-13T19:53:59.8849679Z,82.548,Game,107,106.38,9.400,9.343,10.738,11.216,12.132,9.316,12.097,0.000,0.000,8.620,2.938,0.216,1.412,315.957,1868.215,5652,1570,505,531068
2026-07-13T19:54:00.8912253Z,83.555,Game,108,107.20,9.329,9.344,10.502,11.746,11.786,9.232,11.864,0.000,0.000,8.507,2.961,0.207,1.412,315.984,1868.492,5665,1576,509,532055
2026-07-13T19:54:01.8994084Z,84.562,Game,107,106.28,9.409,9.445,10.440,10.806,11.198,9.323,11.196,0.000,0.000,10.314,2.993,0.220,1.453,316.004,1869.984,5770,1598,510,537905
2026-07-13T19:54:02.9087114Z,85.572,Game,96,95.10,10.515,10.003,15.250,16.811,16.811,10.406,16.922,0.000,0.000,12.405,3.308,0.219,1.453,316.027,1869.945,5884,1660,521,551009
2026-07-13T19:54:03.9159390Z,86.580,Game,90,89.28,11.201,11.301,12.554,13.173,13.173,11.060,13.491,0.000,0.000,10.150,3.409,0.211,1.414,316.051,1870.355,5956,1697,539,558551
2026-07-13T19:54:04.9224361Z,87.585,Game,103,102.47,9.759,9.758,11.372,11.542,12.155,9.651,12.176,0.000,0.000,12.157,3.031,0.210,1.414,316.074,1871.480,5953,1701,548,554154
2026-07-13T19:54:05.9245563Z,88.587,Game,99,98.81,10.120,10.039,12.395,20.027,20.027,10.000,17.955,0.000,0.000,7.545,2.755,0.217,1.414,316.098,1871.441,3471,907,428,334602
2026-07-13T19:54:06.9317006Z,89.595,Game,112,111.03,9.007,8.653,12.746,13.252,13.846,8.924,13.874,0.000,0.000,12.923,3.707,0.610,43.892,316.148,1872.457,5903,1782,565,556906
2026-07-13T19:54:07.9399386Z,90.602,Game,95,94.33,10.601,10.459,12.090,13.308,13.308,10.491,15.738,0.000,0.000,9.877,3.594,0.255,2.922,316.168,1872.531,5962,1794,578,559626
2026-07-13T19:54:08.9442672Z,91.606,Game,98,97.61,10.244,9.941,12.502,22.047,22.047,10.142,23.811,0.000,0.000,11.146,3.464,0.266,8.205,316.199,1872.359,3498,878,441,337911
2026-07-13T19:54:09.9456805Z,92.607,Game,110,109.91,9.098,8.962,11.486,12.360,14.688,8.995,14.300,0.000,0.000,9.770,3.289,0.237,4.996,316.230,1873.328,3450,861,429,305731
2026-07-13T19:54:10.9531540Z,93.617,Game,101,100.07,9.993,9.837,11.645,15.561,17.581,9.853,18.084,0.000,0.000,9.409,3.053,0.207,2.887,316.250,1874.230,3586,896,446,310215
2026-07-13T19:54:11.9532035Z,94.617,Game,101,100.96,9.905,9.768,11.951,12.662,14.956,9.797,15.595,0.000,0.000,9.376,3.169,0.268,9.082,316.281,1874.410,3529,893,445,314630
2026-07-13T19:54:12.9634811Z,95.625,Game,108,107.17,9.331,9.031,11.032,11.498,29.042,9.246,31.235,0.000,0.000,10.873,3.906,0.176,1.410,316.301,1873.777,3610,1007,493,362003
2026-07-13T19:54:13.9724199Z,96.636,Game,95,93.96,10.643,10.411,13.427,17.501,17.501,10.513,17.862,0.000,0.000,12.059,3.779,0.262,5.896,316.328,1874.652,3406,977,457,337834
2026-07-13T19:54:14.9748458Z,97.638,Game,86,85.80,11.655,11.505,14.812,15.544,15.544,11.518,15.393,0.000,0.000,9.251,3.342,0.261,4.947,316.348,1875.266,5712,1707,544,517492
2026-07-13T19:54:15.9832666Z,98.644,Game,88,87.45,11.435,11.257,13.403,15.404,15.404,11.321,15.685,0.000,0.000,10.892,3.371,0.218,4.146,316.363,1875.180,5207,1607,533,501714
2026-07-13T19:54:16.9840370Z,99.646,Game,93,92.82,10.773,10.813,12.459,14.150,14.150,10.627,13.540,0.000,0.000,11.806,3.113,0.345,12.461,316.398,1875.832,3606,965,482,330722
2026-07-13T19:54:17.9886452Z,100.652,Game,112,111.35,8.981,8.968,10.658,11.900,14.023,8.880,13.205,0.000,0.000,8.682,3.113,0.368,20.236,316.430,1875.480,3552,914,487,327181
2026-07-13T19:54:18.9888476Z,101.653,Game,113,112.95,8.854,8.822,10.376,10.866,12.110,8.778,12.662,0.000,0.000,7.862,3.027,0.384,24.352,316.480,1875.301,3005,740,409,299559
2026-07-13T19:54:19.9997018Z,102.662,Game,120,118.86,8.413,8.255,9.769,10.460,19.854,8.345,19.941,0.000,0.000,8.541,2.939,0.164,1.414,316.512,1875.660,2996,643,371,293052
2026-07-13T19:54:21.0014084Z,103.664,Game,115,114.79,8.711,8.594,10.268,11.303,11.318,8.629,11.556,0.000,0.000,9.671,2.988,0.193,2.553,316.535,1875.648,3205,774,422,300400
2026-07-13T19:54:22.0087842Z,104.673,Game,109,108.01,9.259,9.299,10.372,10.675,10.859,9.157,10.848,0.000,0.000,8.362,4.213,2.951,82.188,316.949,1875.465,4734,1358,489,462865
2026-07-13T19:54:23.0111018Z,105.675,Game,105,104.81,9.541,9.298,10.934,15.876,16.144,9.457,16.234,0.000,0.000,7.256,3.084,0.237,3.432,316.973,1875.531,2924,639,363,312281
2026-07-13T19:54:24.0136332Z,106.678,Game,115,114.67,8.721,8.601,10.156,10.523,10.658,8.655,10.512,0.000,0.000,8.495,3.043,0.194,1.451,317.000,1875.457,3188,584,361,300533
2026-07-13T19:54:25.0225673Z,107.685,Game,115,114.15,8.760,8.563,11.550,13.639,15.015,8.680,14.971,0.000,0.000,8.284,3.075,0.180,1.412,317.020,1875.387,3406,709,417,327087
2026-07-13T19:54:26.0272034Z,108.690,Game,104,103.49,9.663,9.344,11.250,15.451,19.651,9.567,20.476,0.000,0.000,10.543,3.362,0.281,3.701,317.047,1875.016,5447,1563,509,524581
2026-07-13T19:54:27.0347667Z,109.699,Game,101,100.16,9.984,9.713,11.175,14.001,27.723,9.881,25.783,0.000,0.000,8.868,3.284,0.465,17.199,317.082,1875.816,4539,1328,459,456223
2026-07-13T19:54:28.0439893Z,110.706,Game,101,100.25,9.975,9.878,11.408,11.912,20.819,9.884,19.697,0.000,0.000,11.898,3.659,0.326,3.363,317.117,1875.672,5325,1503,500,511945
2026-07-13T19:54:29.0498133Z,111.714,Game,95,94.26,10.610,10.170,12.921,27.748,27.748,10.485,27.074,0.000,0.000,9.329,3.030,1.685,129.494,317.270,1877.781,4102,1290,560,373923
2026-07-13T19:54:30.0540287Z,112.718,Game,103,102.59,9.748,9.485,12.123,17.944,18.686,9.645,20.012,0.000,0.000,9.870,3.203,0.239,4.822,317.297,1879.031,4222,1248,518,400843
2026-07-13T19:54:31.0617934Z,113.725,Game,113,112.27,8.907,8.771,10.088,10.712,12.068,8.828,12.135,0.000,0.000,9.195,3.361,2.342,62.824,317.621,1879.164,4105,1216,517,401504
2026-07-13T19:54:32.0723632Z,114.736,Game,100,98.92,10.109,9.805,12.375,16.592,19.553,10.020,20.846,0.000,0.000,11.916,3.879,0.487,30.678,317.668,1879.832,4827,1568,577,467978
2026-07-13T19:54:33.0730811Z,115.736,Game,92,92.00,10.870,10.747,12.298,19.927,19.927,10.765,17.508,0.000,0.000,9.767,3.814,0.399,17.006,317.699,1879.820,4804,1556,576,467214
2026-07-13T19:54:34.0721824Z,116.736,Game,95,94.94,10.533,10.386,12.644,13.941,13.941,10.411,15.296,0.000,0.000,9.603,3.813,0.161,1.416,317.715,1879.797,4797,1556,580,466628
2026-07-13T19:54:35.0757727Z,117.740,Game,96,95.67,10.452,10.368,12.239,13.736,13.736,10.352,14.282,0.000,0.000,9.097,3.804,0.351,8.715,317.746,1879.773,4791,1552,572,466634
2026-07-13T19:54:36.0806042Z,118.743,Game,94,93.67,10.676,10.569,12.992,15.308,15.308,10.580,14.923,0.000,0.000,10.117,5.354,0.273,10.102,317.777,1879.531,4781,1544,570,466082
2026-07-13T19:54:37.0873396Z,119.750,Game,95,94.34,10.600,10.542,12.208,13.922,13.922,10.482,13.843,0.000,0.000,11.065,3.828,0.353,8.357,317.805,1879.395,4759,1534,567,462832
2026-07-13T19:54:38.0946003Z,120.758,Game,96,95.24,10.499,10.523,12.321,14.369,14.369,10.387,13.547,0.000,0.000,9.614,3.798,0.380,9.053,317.836,1880.055,4764,1550,578,462601
2026-07-13T19:54:39.1048536Z,121.767,Game,98,97.10,10.299,10.275,11.973,14.318,14.318,10.197,13.648,0.000,0.000,9.954,3.524,0.244,3.666,317.859,1880.746,5540,1611,543,501712
2026-07-13T19:54:40.1114515Z,122.775,Game,104,103.18,9.692,9.616,10.848,11.198,11.485,9.584,11.677,0.000,0.000,8.498,3.247,0.194,1.414,317.879,1880.504,5408,1486,533,486553
2026-07-13T19:54:41.1172808Z,123.780,Game,106,105.46,9.482,9.436,10.622,12.151,14.713,9.407,16.192,0.000,0.000,9.246,3.443,3.876,112.207,318.375,1881.414,5334,1413,505,490576
2026-07-13T19:54:42.1202271Z,124.783,Game,106,105.74,9.457,9.432,10.499,11.117,12.173,9.353,11.822,0.000,0.000,9.637,3.440,0.174,1.418,318.395,1881.113,4947,1354,501,475676
2026-07-13T19:54:43.1246177Z,125.787,Game,111,110.54,9.046,8.930,10.729,12.200,12.336,8.951,12.723,0.000,0.000,7.690,3.079,0.175,1.453,318.422,1881.527,3081,718,409,306186
2026-07-13T19:54:44.1251726Z,126.788,Game,121,120.88,8.272,8.153,9.307,9.700,9.713,8.189,9.571,0.000,0.000,7.425,3.074,0.174,1.463,318.449,1881.520,3020,693,400,304100
2026-07-13T19:54:45.1270596Z,127.791,Game,118,117.60,8.503,8.334,10.603,15.168,15.320,8.425,15.318,0.000,0.000,7.781,3.045,0.171,1.404,318.469,1881.523,3001,693,396,302806
2026-07-13T19:54:46.1340482Z,128.798,Game,121,120.21,8.319,8.268,9.432,10.055,10.802,8.251,10.804,0.000,0.000,8.268,3.003,0.858,34.598,318.590,1881.105,2981,679,390,285235
2026-07-13T19:54:47.1431417Z,129.805,Game,118,117.11,8.539,8.396,9.896,12.114,13.732,8.474,13.092,0.000,0.000,7.451,3.738,4.070,83.074,319.176,1881.449,2946,707,397,312742
2026-07-13T19:54:48.1510507Z,130.814,Game,116,114.97,8.698,8.604,10.666,11.183,11.475,8.626,11.910,0.000,0.000,9.487,3.496,0.279,1.621,319.211,1881.934,5371,1584,545,506463
2026-07-13T19:54:49.1560302Z,131.820,Game,103,102.44,9.762,9.526,11.061,15.461,32.320,9.653,36.266,0.000,0.000,8.912,3.692,0.213,1.988,319.234,1885.074,5382,1564,536,505222
2026-07-13T19:54:50.1751765Z,132.836,Game,107,105.31,9.496,9.530,10.639,11.195,16.502,9.408,16.334,0.000,0.000,8.647,3.687,0.337,7.112,319.270,1885.336,5382,1567,540,503949
2026-07-13T19:54:51.1797219Z,133.843,Game,99,98.34,10.169,10.154,11.867,17.671,17.671,10.048,17.498,0.000,0.000,10.416,3.449,2.800,63.012,319.586,1885.766,5389,1582,531,505558
2026-07-13T19:54:52.1816735Z,134.845,Game,98,97.82,10.223,10.172,11.439,13.500,13.500,10.110,13.387,0.000,0.000,10.126,3.362,0.481,28.621,319.645,1885.793,5357,1578,526,503194
2026-07-13T19:54:53.1835311Z,135.846,Game,104,103.87,9.628,9.651,10.771,11.693,11.711,9.525,11.568,0.000,0.000,10.245,3.715,2.412,41.114,319.918,1886.078,5320,1548,522,512401
2026-07-13T19:54:54.1877090Z,136.852,Game,105,104.36,9.582,9.651,10.458,11.059,11.390,9.485,11.386,0.000,0.000,8.910,3.885,0.170,1.418,319.941,1885.676,5329,1546,523,512361
2026-07-13T19:54:55.3423565Z,137.993,Game,80,70.12,14.262,9.678,10.724,382.607,382.607,14.142,382.716,0.000,0.000,9.086,3.800,1.187,80.680,320.051,1894.754,5331,1546,523,512331
2026-07-13T19:54:56.3333964Z,138.995,Game,93,92.80,10.776,10.554,12.459,22.404,22.404,10.535,16.454,0.000,0.000,10.196,3.724,0.515,30.105,320.117,1893.055,5258,1558,529,497622
2026-07-13T19:54:57.3362623Z,139.999,Game,104,103.61,9.651,9.637,10.913,11.623,12.691,9.528,12.689,0.000,0.000,9.659,3.645,0.204,4.041,320.141,1895.160,5047,1409,484,483206
2026-07-13T19:54:58.3391675Z,141.001,Game,107,106.73,9.370,9.383,10.522,11.227,12.986,9.272,13.165,0.000,0.000,10.675,3.616,0.172,1.557,320.164,1895.148,4903,1383,531,480361
2026-07-13T19:54:59.3406557Z,142.005,Game,115,114.64,8.723,8.686,10.109,11.177,11.755,8.627,11.444,0.000,0.000,8.249,4.003,0.173,1.416,320.188,1895.453,3428,896,433,352886
2026-07-13T19:55:00.3404837Z,143.005,Game,123,122.99,8.131,8.086,9.363,9.779,9.812,8.063,10.170,0.000,0.000,8.087,4.006,0.149,1.412,320.207,1895.758,3426,896,433,352816
2026-07-13T19:55:01.4467977Z,144.107,Game,81,73.51,13.603,7.872,9.501,262.773,262.773,13.550,210.132,0.000,0.000,8.551,3.379,0.153,1.406,320.227,1906.285,3425,896,433,352804
2026-07-13T19:55:02.4433940Z,145.108,Game,97,96.89,10.321,10.164,12.261,23.920,23.920,10.071,12.726,0.000,0.000,8.996,3.408,0.148,1.414,320.242,1906.441,3425,897,433,352774
2026-07-13T19:55:03.4455630Z,146.109,Game,101,100.88,9.913,9.605,12.632,13.873,14.156,9.820,14.163,0.000,0.000,12.264,4.450,0.148,1.412,320.262,1906.629,3425,897,433,352774
2026-07-13T19:55:04.5411516Z,147.184,Game,65,60.44,16.547,9.849,12.232,437.089,437.089,16.678,414.102,0.000,0.000,12.250,5.001,0.160,1.412,320.277,1906.645,3425,897,433,352774
2026-07-13T19:55:05.5261340Z,148.190,Game,75,74.57,13.411,11.574,22.831,74.525,74.525,12.863,73.515,0.000,0.000,11.426,3.413,0.152,1.418,320.293,1906.648,3421,895,432,352596
2026-07-13T19:55:06.5281400Z,149.191,Game,97,96.88,10.322,9.896,13.373,19.656,19.656,10.210,17.111,0.000,0.000,8.880,3.378,0.148,1.414,320.309,1906.313,3420,895,432,352472
2026-07-13T19:55:07.5287928Z,150.193,Game,112,111.77,8.947,8.908,10.447,10.795,11.357,8.855,11.963,0.000,0.000,7.889,3.370,0.146,1.410,320.328,1905.207,3417,895,432,352264
2026-07-13T19:55:08.5307794Z,151.195,Game,130,129.83,7.702,7.631,8.111,9.421,9.616,7.641,9.615,0.000,0.000,7.524,3.366,0.146,1.410,320.352,1904.961,3413,895,432,352112
2026-07-13T19:55:09.5347353Z,152.199,Game,120,119.54,8.366,8.167,8.826,22.715,26.029,8.294,25.624,0.000,0.000,9.628,3.371,0.147,1.404,320.375,1904.961,3411,895,432,352069
2026-07-13T19:55:10.5394832Z,153.204,Game,116,115.40,8.666,8.550,10.123,10.648,11.283,8.591,10.704,0.000,0.000,8.010,3.007,0.164,1.410,320.395,1906.273,3515,1032,461,348481
2026-07-13T19:55:11.5425732Z,154.206,Game,116,115.74,8.640,8.560,9.914,10.400,10.428,8.566,11.274,0.000,0.000,7.760,3.389,0.161,1.414,320.414,1906.586,3506,1028,446,363068
2026-07-13T19:55:12.5539266Z,155.217,Game,76,75.17,13.303,10.020,13.720,227.095,227.095,13.191,180.563,0.000,0.000,11.589,4.003,0.169,1.412,320.426,1906.625,3504,1027,445,362958
2026-07-13T19:55:13.5610340Z,156.225,Game,110,109.12,9.164,8.985,11.652,12.662,13.738,9.055,13.761,0.000,0.000,9.030,3.796,0.166,1.424,320.445,1906.602,3502,1025,443,362938
2026-07-13T19:55:14.5667673Z,157.230,Game,110,109.40,9.141,9.064,10.815,11.262,12.321,9.060,12.314,0.000,0.000,9.282,4.079,0.158,1.412,320.465,1906.961,3502,1024,442,362887
2026-07-13T19:55:15.5721301Z,158.235,Game,106,105.49,9.479,9.407,11.034,11.402,13.113,9.387,13.114,0.000,0.000,9.070,3.181,0.161,1.414,320.488,1906.961,3501,1024,442,362835
2026-07-13T19:55:16.5758706Z,159.238,Game,114,113.64,8.799,8.763,10.064,10.182,10.372,8.716,10.350,0.000,0.000,7.591,3.119,0.157,1.414,320.508,1906.758,3499,1024,442,362805
2026-07-13T19:55:17.5777902Z,160.240,Game,116,115.80,8.636,8.567,10.421,11.557,11.615,8.551,11.615,0.000,0.000,7.612,3.120,0.170,1.414,320.531,1906.891,3494,1021,441,362375
2026-07-13T19:55:18.5812294Z,161.244,Game,115,114.48,8.735,8.783,9.862,10.117,10.203,8.655,10.219,0.000,0.000,8.274,3.116,0.167,1.414,320.555,1906.250,3490,1019,439,362256
2026-07-13T19:55:19.5859176Z,162.250,Game,120,119.37,8.377,8.394,9.527,10.111,10.810,8.308,10.805,0.000,0.000,8.918,3.125,0.190,2.145,320.582,1906.254,3486,1015,435,362208
2026-07-13T19:55:20.5934828Z,163.255,Game,118,117.33,8.523,8.511,9.516,9.902,10.148,8.447,10.137,0.000,0.000,8.040,3.114,0.162,1.412,320.602,1906.258,3482,1012,434,361952
2026-07-13T19:55:21.5948261Z,164.257,Game,122,121.72,8.216,8.052,9.242,9.456,9.887,8.137,9.883,0.000,0.000,8.279,3.127,0.178,1.461,320.629,1906.238,3479,1009,431,361916
2026-07-13T19:55:22.6013777Z,165.265,Game,116,115.10,8.688,8.612,9.906,10.538,10.630,8.599,10.630,0.000,0.000,8.311,0.000,0.195,1.406,320.656,1906.238,3475,1006,428,361632
2026-07-13T19:55:23.6042513Z,166.267,Game,113,112.76,8.868,8.761,11.096,12.172,13.443,8.795,13.430,0.000,0.000,9.714,0.000,0.181,1.412,320.680,1906.242,3468,1003,424,361376
2026-07-13T19:55:24.8975735Z,167.492,Game,89,72.67,13.760,9.026,11.123,426.913,426.913,14.250,436.441,0.000,0.000,11.220,6.062,0.180,1.414,320.695,1906.379,3465,1000,421,361300
2026-07-13T19:55:25.8309627Z,168.492,Game,75,74.98,13.337,12.067,16.368,80.112,80.112,12.264,21.423,0.000,0.000,9.517,3.375,0.197,1.623,320.715,1907.453,3947,1117,462,402905
2026-07-13T19:55:26.8330922Z,169.495,Game,88,87.79,11.391,11.296,13.832,16.072,16.072,11.252,16.062,0.000,0.000,10.756,3.645,0.169,1.414,320.730,1907.813,4216,1201,487,414490
2026-07-13T19:55:27.8393282Z,170.503,Game,104,103.20,9.690,9.669,11.085,11.688,11.931,9.585,11.924,0.000,0.000,8.342,3.516,0.162,1.416,320.746,1907.605,4216,1197,486,413051
2026-07-13T19:55:28.8393547Z,171.503,Game,111,110.98,9.010,9.082,10.071,10.124,10.198,8.928,10.691,0.000,0.000,8.356,3.456,0.231,6.102,320.777,1907.301,4156,1173,473,415134
2026-07-13T19:55:29.8435552Z,172.507,Game,113,112.51,8.888,8.838,10.081,10.504,10.808,8.805,11.176,0.000,0.000,9.375,3.584,0.165,1.414,320.797,1907.309,4099,1171,471,408893
2026-07-13T19:55:30.8503726Z,173.512,Game,112,111.43,8.975,8.927,10.178,10.569,11.780,8.894,10.565,0.000,0.000,9.433,3.573,0.171,1.414,320.820,1907.262,4090,1171,472,408689
2026-07-13T19:55:31.8536433Z,174.516,Game,112,111.56,8.964,8.950,10.032,10.328,10.448,8.871,10.440,0.000,0.000,8.228,3.433,0.237,6.357,320.844,1907.004,4072,1166,465,409863
2026-07-13T19:55:32.8631303Z,175.526,Game,99,98.00,10.204,9.900,14.469,17.258,17.258,10.102,16.993,0.000,0.000,9.856,3.365,0.499,30.107,320.895,1907.043,4092,1185,464,407964
2026-07-13T19:55:33.8714525Z,176.533,Game,111,110.22,9.072,9.139,10.566,10.827,11.168,8.987,11.683,0.000,0.000,8.197,3.598,0.209,4.041,320.918,1907.043,4058,1169,467,406818
2026-07-13T19:55:34.8702985Z,177.533,Game,112,111.98,8.930,8.888,9.880,10.547,10.623,8.844,10.620,0.000,0.000,8.115,6.396,0.184,1.412,320.941,1906.137,4057,1166,469,408150
2026-07-13T19:55:35.8729599Z,178.535,Game,111,110.83,9.023,9.025,10.205,11.543,11.566,8.926,11.835,0.000,0.000,8.321,3.433,0.257,5.612,320.973,1906.168,4009,1146,451,407199
2026-07-13T19:55:36.8775262Z,179.541,Game,98,97.45,10.262,10.135,11.776,17.952,17.952,10.166,17.856,0.000,0.000,9.439,3.828,0.574,39.436,321.043,1906.074,4044,1194,492,410541
2026-07-13T19:55:37.8857677Z,180.549,Game,109,108.11,9.250,9.197,10.541,11.980,12.166,9.166,12.050,0.000,0.000,9.397,6.950,0.232,4.873,321.066,1906.074,3992,1152,463,405561
2026-07-13T19:55:38.8892891Z,181.551,Game,109,108.78,9.193,9.168,11.063,12.352,16.004,9.112,15.496,0.000,0.000,10.557,3.759,0.578,30.248,321.137,1906.082,4037,1195,491,409866
2026-07-13T19:55:39.8980818Z,182.561,Game,106,104.96,9.528,9.365,11.019,11.860,12.712,9.423,12.794,0.000,0.000,8.476,3.619,0.238,4.824,321.172,1906.082,3967,1124,457,403265
2026-07-13T19:55:40.9009525Z,183.564,Game,109,108.70,9.200,9.225,10.288,10.682,11.184,9.119,10.780,0.000,0.000,8.374,6.882,0.216,3.556,321.199,1906.082,3956,1117,450,406264
2026-07-13T19:55:41.9062735Z,184.569,Game,102,101.46,9.856,9.709,11.012,17.622,17.954,9.768,17.897,0.000,0.000,10.587,3.385,0.558,36.154,321.262,1906.145,3972,1137,449,399660
2026-07-13T19:55:42.9087219Z,185.571,Game,109,108.79,9.192,9.281,10.753,11.800,11.883,9.089,12.813,0.000,0.000,9.284,3.381,0.263,4.875,321.293,1906.094,3924,1105,442,398470
2026-07-13T19:55:43.9114222Z,186.573,Game,101,100.74,9.927,9.875,11.182,12.045,18.844,9.829,18.315,0.000,0.000,9.379,6.926,0.633,37.736,321.371,1906.195,3928,1109,449,399502
2026-07-13T19:55:44.9201321Z,187.583,Game,109,108.00,9.259,9.163,10.936,13.789,16.578,9.165,17.550,0.000,0.000,8.099,3.366,0.234,3.556,321.402,1906.504,3901,1091,432,397306
2026-07-13T19:55:45.9239755Z,188.587,Game,101,100.57,9.944,9.764,11.416,13.563,17.604,9.764,13.562,0.000,0.000,10.230,3.589,0.551,31.383,321.465,1906.602,3892,1090,438,396804
2026-07-13T19:55:46.9260182Z,189.589,Game,110,109.80,9.108,9.181,10.490,11.091,11.108,9.025,11.339,0.000,0.000,9.319,7.099,0.218,3.556,321.484,1906.555,3871,1078,425,397234
2026-07-13T19:55:47.9316671Z,190.593,Game,106,105.52,9.477,9.294,11.100,12.211,17.724,9.392,17.602,0.000,0.000,10.211,3.804,0.445,28.084,321.535,1906.617,3930,1138,464,400088
2026-07-13T19:55:48.9361350Z,191.599,Game,109,108.42,9.223,9.226,10.454,11.484,12.296,9.127,12.834,0.000,0.000,8.363,3.577,0.223,4.875,321.563,1906.621,3864,1076,426,392991
2026-07-13T19:55:49.9384869Z,192.599,Game,101,100.95,9.906,9.765,11.425,12.392,17.652,9.827,17.165,0.000,0.000,10.334,3.602,0.626,39.430,321.621,1905.070,3893,1106,434,395743
2026-07-13T19:55:50.9411846Z,193.605,Game,113,112.37,8.900,8.742,10.134,11.541,12.263,8.785,11.529,0.000,0.000,9.860,3.584,0.210,4.875,321.652,1904.664,3835,1068,426,392548
2026-07-13T19:55:51.9483321Z,194.610,Game,106,105.48,9.481,9.409,11.055,12.853,19.345,9.394,18.811,0.000,0.000,11.052,3.770,0.539,32.693,321.711,1904.742,3901,1125,463,397010
2026-07-13T19:55:52.9485499Z,195.611,Game,104,103.90,9.625,9.443,10.825,11.719,12.330,9.523,12.801,0.000,0.000,9.680,3.574,0.222,4.875,321.734,1904.746,3830,1060,428,391701
2026-07-13T19:55:53.9535276Z,196.616,Game,114,113.47,8.813,8.838,9.783,9.963,11.159,8.723,10.513,0.000,0.000,8.092,3.610,0.167,1.414,321.754,1904.746,3826,1063,424,390233
2026-07-13T19:55:54.9605264Z,197.624,Game,104,103.15,9.695,9.446,11.489,14.720,19.045,9.606,18.500,0.000,0.000,9.027,3.359,0.631,30.248,321.836,1904.750,3850,1091,424,390878
2026-07-13T19:55:55.9678999Z,198.630,Game,109,108.34,9.230,9.104,11.415,11.914,20.259,9.132,19.747,0.000,0.000,9.744,3.779,0.589,37.434,321.910,1904.539,3887,1139,470,397759
2026-07-13T19:55:56.9707022Z,199.633,Game,101,100.75,9.926,9.953,11.300,11.549,11.967,9.811,11.689,0.000,0.000,10.037,4.370,0.239,4.824,321.938,1904.539,3799,1054,424,388672
2026-07-13T19:55:57.9803188Z,200.643,Game,110,108.86,9.186,9.172,10.790,12.113,20.018,9.097,19.515,0.000,0.000,9.808,3.853,0.558,38.301,322.004,1904.559,3867,1127,465,394081
2026-07-13T19:55:58.9907296Z,201.653,Game,105,103.94,9.621,9.708,10.983,11.450,11.497,9.530,11.493,0.000,0.000,9.831,7.084,0.168,1.416,322.027,1904.570,3844,1114,461,394780
2026-07-13T19:55:59.9938682Z,202.656,Game,104,103.69,9.644,9.623,11.035,11.740,12.363,9.530,12.255,0.000,0.000,11.800,3.590,0.220,4.824,322.055,1904.570,3749,1038,416,385647
2026-07-13T19:56:01.0002565Z,203.663,Game,114,113.23,8.832,8.732,9.689,10.367,11.270,8.747,11.259,0.000,0.000,8.192,3.583,0.166,1.416,322.074,1904.574,3743,1037,417,385340
2026-07-13T19:56:02.0043109Z,204.667,Game,101,100.57,9.943,9.747,11.557,12.953,19.166,9.844,18.619,0.000,0.000,9.124,6.705,0.610,38.613,322.137,1904.563,3773,1070,419,387253
2026-07-13T19:56:03.0091466Z,205.672,Game,113,112.49,8.889,8.939,10.390,12.148,13.090,8.793,13.696,0.000,0.000,8.101,3.587,0.209,4.824,322.164,1904.563,3727,1031,416,384108
2026-07-13T19:56:04.0165122Z,206.678,Game,105,104.36,9.582,9.431,11.295,12.043,21.805,9.485,21.351,0.000,0.000,10.838,3.764,0.609,30.404,322.238,1904.574,3789,1101,456,390797
2026-07-13T19:56:05.0186230Z,207.681,Game,101,100.66,9.934,9.928,11.256,11.778,12.179,9.814,12.719,0.000,0.000,10.537,7.089,0.157,1.418,322.258,1904.574,3776,1094,454,391915
2026-07-13T19:56:06.0217086Z,208.684,Game,98,97.72,10.233,10.036,11.345,23.340,23.340,10.134,22.229,0.000,0.000,9.776,3.744,0.160,1.416,322.273,1904.574,3771,1088,452,390129
2026-07-13T19:56:07.0287491Z,209.690,Game,100,99.38,10.063,9.940,11.308,13.384,13.710,9.964,13.365,0.000,0.000,12.168,3.743,0.159,1.416,322.289,1904.574,3754,1078,439,388098
2026-07-13T19:56:08.0323879Z,210.694,Game,96,95.64,10.456,10.457,11.574,17.099,17.099,10.327,16.637,0.000,0.000,10.830,6.923,0.157,1.414,322.309,1904.422,3728,1070,434,389585
2026-07-13T19:56:09.0411896Z,211.704,Game,76,75.25,13.289,10.048,11.763,233.138,233.138,13.138,194.544,0.000,0.000,9.444,4.093,0.358,14.838,322.344,1904.457,3710,1064,432,387497
2026-07-13T19:56:10.0423255Z,212.705,Game,85,84.90,11.779,11.456,14.712,17.003,17.003,11.659,16.975,0.000,0.000,10.985,3.804,0.159,1.422,322.363,1904.473,3704,1055,433,386118
2026-07-13T19:56:11.0555304Z,213.717,Game,96,94.94,10.533,9.661,14.416,22.914,22.914,10.426,23.336,0.000,0.000,11.571,3.912,0.158,1.416,322.379,1904.480,3696,1060,434,387576
2026-07-13T19:56:12.0610881Z,214.724,Game,94,93.32,10.715,9.997,16.115,17.942,17.942,10.570,17.935,0.000,0.000,8.749,3.825,0.159,1.414,322.398,1901.691,3686,1057,432,385864
2026-07-13T19:56:13.0680694Z,215.730,Game,102,101.41,9.861,9.689,11.776,13.301,14.440,9.767,14.439,0.000,0.000,9.363,4.290,0.154,1.412,322.422,1901.691,3682,1051,432,384436
2026-07-13T19:56:14.0721776Z,216.733,Game,75,74.76,13.377,12.457,19.764,31.781,31.781,13.199,31.777,0.000,0.000,12.362,4.768,0.165,1.412,322.434,1901.691,3674,1056,435,385958
2026-07-13T19:56:15.0737124Z,217.736,Game,87,86.75,11.527,10.965,15.894,17.444,17.444,11.350,17.430,0.000,0.000,8.328,0.000,0.160,1.416,322.449,1901.684,3663,1057,433,383638
2026-07-13T19:56:16.0758213Z,218.738,Game,98,97.78,10.228,10.128,12.084,13.007,13.007,10.111,13.003,0.000,0.000,8.901,3.773,0.157,1.414,322.469,1901.684,3648,1050,432,383011
2026-07-13T19:56:17.0770911Z,219.739,Game,98,97.94,10.210,10.108,11.920,13.962,13.962,10.104,13.745,0.000,0.000,10.456,3.818,0.158,1.414,322.488,1901.688,3651,1051,430,383205
2026-07-13T19:56:18.0820048Z,220.745,Game,98,97.40,10.267,10.118,11.994,13.853,13.853,10.123,13.345,0.000,0.000,9.936,4.648,0.155,1.416,322.504,1901.672,3642,1049,431,382112
2026-07-13T19:56:19.0886548Z,221.751,Game,102,101.36,9.866,9.949,10.814,11.187,11.444,9.757,11.439,0.000,0.000,10.424,3.928,0.154,1.414,322.523,1901.672,3639,1046,429,380719
2026-07-13T19:56:20.0898658Z,222.751,Game,99,98.98,10.103,10.010,11.732,13.530,13.530,10.001,13.556,0.000,0.000,10.054,0.000,0.161,1.465,322.547,1901.672,3623,1046,428,380059
2026-07-13T19:56:21.5956877Z,224.142,Game,88,63.29,15.800,10.235,13.810,470.161,470.161,16.712,513.293,0.000,0.000,9.597,4.559,0.163,1.496,322.559,1902.086,3616,1043,428,379625
2026-07-13T19:56:22.4928578Z,225.155,Game,53,52.33,19.108,16.500,24.305,134.191,134.191,16.295,33.558,0.000,0.000,16.503,4.006,0.181,1.623,322.570,1902.086,3596,1040,428,378638
2026-07-13T19:56:23.4993162Z,226.159,Game,64,63.75,15.687,15.363,19.602,28.000,28.000,15.472,30.206,0.000,0.000,16.863,3.639,0.272,4.822,322.590,1902.586,3503,959,378,371508
2026-07-13T19:56:24.4999825Z,227.163,Game,90,89.60,11.161,10.769,16.493,18.273,18.273,10.949,17.795,0.000,0.000,9.396,3.546,0.175,1.414,322.602,1902.590,3497,961,385,370953
2026-07-13T19:56:25.5043607Z,228.168,Game,91,90.54,11.045,10.340,16.860,31.590,31.590,10.944,31.006,0.000,0.000,9.821,3.729,0.723,34.152,322.680,1903.242,3565,1041,436,380031
2026-07-13T19:56:26.5158688Z,229.178,Game,100,99.08,10.093,9.997,11.140,15.219,16.845,10.002,18.085,0.000,0.000,10.184,3.286,0.167,1.416,322.699,1903.121,3457,960,369,368316
2026-07-13T19:56:27.5191907Z,230.182,Game,104,103.53,9.659,9.272,10.586,13.884,49.559,9.178,13.420,0.000,0.000,8.691,3.252,0.978,81.091,322.781,1904.332,3363,742,382,337218
2026-07-13T19:56:28.5235044Z,231.186,Game,104,103.55,9.657,9.586,11.699,12.228,13.682,9.566,13.680,0.000,0.000,9.469,3.444,3.797,98.715,323.207,1906.434,3827,1090,400,407800
2026-07-13T19:56:29.5234617Z,232.187,Game,101,100.94,9.907,9.597,12.039,13.154,26.675,9.815,26.988,0.000,0.000,9.515,3.333,17.226,217.907,325.082,1910.609,3717,1051,406,395801
2026-07-13T19:56:30.5292011Z,233.192,Game,94,93.57,10.687,10.507,13.776,21.147,21.147,10.589,20.713,0.000,0.000,9.603,3.398,30.837,200.958,328.426,1914.410,4064,1123,414,422729
2026-07-13T19:56:31.5299648Z,234.192,Game,107,106.99,9.346,9.251,10.688,11.602,13.397,9.252,15.641,0.000,0.000,8.975,3.034,8.626,70.518,329.508,1914.410,3173,776,378,302913
2026-07-13T19:56:32.5312378Z,235.193,Game,103,102.86,9.722,9.683,11.641,12.861,13.407,9.632,13.402,0.000,0.000,11.630,3.242,5.300,90.887,330.117,1914.914,3063,863,364,323810
2026-07-13T19:56:33.5351248Z,236.199,Game,108,107.37,9.314,9.188,10.620,11.609,13.422,9.212,13.465,0.000,0.000,8.496,3.626,0.286,7.210,330.164,1914.824,2913,783,352,309409
2026-07-13T19:56:34.5405318Z,237.200,Game,104,103.93,9.622,9.350,11.113,12.453,23.914,9.551,25.170,0.000,0.000,7.950,3.277,0.318,9.099,330.203,1915.316,2768,705,341,304944
2026-07-13T19:56:35.5422830Z,238.206,Game,106,105.36,9.491,9.361,11.036,13.267,14.910,9.363,16.349,0.000,0.000,9.901,3.321,0.281,5.481,330.234,1915.648,2926,772,383,318649
2026-07-13T19:56:36.5534888Z,239.216,Game,102,101.00,9.901,9.762,11.923,13.271,18.901,9.804,18.900,0.000,0.000,11.586,3.785,1.574,50.637,330.422,1915.594,4584,1314,492,484073
2026-07-13T19:56:37.5565001Z,240.219,Game,94,93.75,10.667,10.670,12.249,12.773,12.773,10.542,13.630,0.000,0.000,11.665,3.679,0.485,13.892,330.473,1915.457,4478,1305,505,485521
2026-07-13T19:56:38.5559180Z,241.220,Game,94,93.85,10.655,10.347,13.417,17.111,17.111,10.537,17.118,0.000,0.000,13.365,11.819,0.471,9.683,330.531,1915.586,3086,840,392,354877
2026-07-13T19:56:39.5570131Z,242.221,Game,101,100.95,9.906,9.718,11.754,16.260,17.081,9.816,16.773,0.000,0.000,9.056,3.357,0.666,15.272,330.605,1915.816,2926,823,423,319584
2026-07-13T19:56:40.5588844Z,243.223,Game,98,97.78,10.227,10.166,12.431,13.187,13.187,10.135,13.564,0.000,0.000,11.639,3.371,0.486,21.392,330.664,1916.148,3134,843,452,327971
2026-07-13T19:56:41.5689725Z,244.230,Game,98,97.31,10.276,10.193,12.420,15.939,15.939,10.171,18.194,0.000,0.000,9.259,3.451,2.066,29.510,330.906,1916.164,3068,799,433,324149
2026-07-13T19:56:42.5680613Z,245.231,Game,104,103.91,9.624,9.324,11.814,14.977,16.969,9.504,18.380,0.000,0.000,9.547,3.465,5.104,62.133,331.523,1916.516,3025,777,430,321117
2026-07-13T19:56:43.5746104Z,246.237,Game,108,107.35,9.315,9.304,10.437,11.317,16.262,9.224,16.179,0.000,0.000,8.710,3.311,0.332,8.610,331.555,1916.547,3076,807,430,335071
2026-07-13T19:56:44.5768616Z,247.240,Game,98,97.64,10.241,9.934,13.812,17.763,17.763,10.129,19.335,0.000,0.000,11.070,3.272,0.186,1.412,331.582,1916.551,3610,738,450,347312
2026-07-13T19:56:45.5781237Z,248.242,Game,109,108.81,9.190,8.982,10.869,13.708,14.362,9.098,15.339,0.000,0.000,8.472,2.936,0.174,1.414,331.602,1916.473,3480,738,466,293030
2026-07-13T19:56:46.5891159Z,249.251,Game,107,106.06,9.428,9.263,11.856,13.239,13.560,9.344,14.954,0.000,0.000,9.538,3.046,0.424,18.968,331.656,1916.449,3241,697,442,277220
2026-07-13T19:56:47.5924945Z,250.255,Game,100,99.64,10.036,9.831,11.234,11.559,18.185,9.934,18.183,0.000,0.000,10.954,3.050,0.175,1.414,331.676,1917.512,3722,841,501,353566
2026-07-13T19:56:48.6003837Z,251.264,Game,104,103.07,9.702,9.583,11.051,11.812,16.072,9.600,17.033,0.000,0.000,9.044,3.085,0.183,1.414,331.703,1917.543,3155,849,446,351826
2026-07-13T19:56:49.6049718Z,252.269,Game,103,102.47,9.759,9.872,11.393,12.330,13.282,9.653,13.445,0.000,0.000,11.495,3.358,0.372,7.364,331.746,1918.004,2928,858,473,314016
2026-07-13T19:56:50.6160907Z,253.279,Game,101,99.99,10.001,9.788,12.430,12.990,14.369,9.896,14.718,0.000,0.000,11.425,3.348,3.448,66.699,332.117,1918.914,3088,877,487,339194
2026-07-13T19:56:51.6219067Z,254.285,Game,101,100.36,9.964,9.838,11.477,12.449,16.949,9.848,16.920,0.000,0.000,10.320,2.987,0.742,26.137,332.219,1919.637,3325,681,454,353022
2026-07-13T19:56:52.6301431Z,255.292,Game,100,99.35,10.065,9.981,11.508,14.527,17.840,9.963,17.130,0.000,0.000,10.053,3.149,3.132,98.512,332.555,1919.305,3653,747,508,355483
2026-07-13T19:56:53.6372416Z,256.301,Game,94,93.18,10.732,10.195,15.976,19.051,19.051,10.613,19.044,0.000,0.000,9.311,3.500,8.438,66.697,333.422,1919.488,2504,626,375,320403
2026-07-13T19:56:54.6396686Z,257.303,Game,102,101.76,9.827,9.714,11.840,13.094,14.295,9.728,13.547,0.000,0.000,8.900,3.432,0.573,9.345,333.516,1918.918,3284,899,532,362770
2026-07-13T19:56:55.6481388Z,258.311,Game,107,106.16,9.420,9.329,10.900,11.434,12.822,9.325,13.262,0.000,0.000,9.062,3.240,1.454,38.679,333.703,1919.063,3137,827,518,338360
2026-07-13T19:56:56.6518161Z,259.314,Game,106,105.64,9.466,9.417,10.703,12.228,13.115,9.368,13.105,0.000,0.000,10.676,2.992,0.209,1.637,333.727,1917.047,3379,649,453,351106
2026-07-13T19:56:57.6543360Z,260.317,Game,105,104.74,9.548,9.428,11.050,11.702,12.507,9.439,12.126,0.000,0.000,11.444,3.434,0.171,1.453,333.746,1916.813,4481,1195,609,467026
2026-07-13T19:56:58.6620085Z,261.325,Game,107,106.08,9.427,9.201,11.633,12.368,13.016,9.317,13.044,0.000,0.000,8.861,2.808,0.258,1.637,333.785,1916.773,3312,662,457,312724
2026-07-13T19:56:59.6706817Z,262.333,Game,112,111.18,8.994,8.884,10.624,11.014,11.080,8.921,11.008,0.000,0.000,9.135,4.481,0.577,6.204,333.848,1916.895,3331,683,474,323594
2026-07-13T19:57:00.6784293Z,263.341,Game,110,109.04,9.171,9.103,10.747,11.826,12.450,9.084,12.110,0.000,0.000,9.668,3.335,0.346,5.387,333.895,1916.984,3261,904,532,351301
2026-07-13T19:57:01.6839492Z,264.347,Game,100,99.42,10.058,9.807,11.595,15.104,24.828,9.948,26.127,0.000,0.000,9.813,3.280,0.168,1.412,333.918,1916.945,3664,1090,584,396691
2026-07-13T19:57:02.6901735Z,265.352,Game,95,94.52,10.580,10.488,12.037,12.171,12.171,10.472,12.385,0.000,0.000,11.233,4.085,0.202,1.414,333.934,1916.785,4142,1264,625,449271
2026-07-13T19:57:03.7008460Z,266.364,Game,93,91.96,10.874,10.629,13.442,22.658,22.658,10.753,22.163,0.000,0.000,11.571,4.162,0.806,46.773,334.004,1917.168,4219,1346,678,458511
2026-07-13T19:57:04.7014649Z,267.364,Game,85,84.93,11.774,11.531,12.606,28.518,28.518,11.644,30.459,0.000,0.000,12.042,4.178,0.163,1.479,334.027,1917.074,4223,1343,675,458395
2026-07-13T19:57:05.7054089Z,268.368,Game,88,87.69,11.403,11.372,12.849,17.348,17.348,11.280,19.625,0.000,0.000,10.794,5.477,0.162,1.416,334.043,1916.727,4213,1341,667,457933
2026-07-13T19:57:06.7057908Z,269.368,Game,91,90.96,10.994,10.988,12.125,12.685,12.685,10.862,12.810,0.000,0.000,10.430,5.695,0.159,1.416,334.055,1916.324,4195,1336,659,457531
2026-07-13T19:57:07.7105933Z,270.372,Game,86,85.64,11.676,11.063,12.371,60.007,60.007,11.551,59.118,0.000,0.000,10.745,4.114,12.363,1045.848,335.160,1920.746,4197,1338,656,458945
2026-07-13T19:57:08.7185152Z,271.382,Game,86,85.19,11.738,11.240,14.286,29.007,29.007,11.586,28.433,0.000,0.000,9.219,3.915,1.672,84.575,335.289,1920.836,4424,1258,604,464103
2026-07-13T19:57:09.7184858Z,272.382,Game,100,99.97,10.003,9.864,11.376,12.684,20.552,9.909,19.893,0.000,0.000,8.295,3.182,0.173,1.416,335.309,1921.043,3246,869,490,340001
2026-07-13T19:57:10.7278816Z,273.389,Game,109,108.21,9.241,9.281,10.266,11.697,15.007,9.164,14.565,0.000,0.000,14.570,3.376,0.160,1.410,335.332,1920.789,4205,1162,578,444894
2026-07-13T19:57:11.7292225Z,274.391,Game,102,101.87,9.817,9.809,11.335,12.061,12.279,9.704,12.218,0.000,0.000,10.120,3.386,3.443,78.962,335.719,1922.430,3085,933,471,333005
2026-07-13T19:57:12.7347811Z,275.397,Game,105,104.35,9.583,9.532,11.235,11.948,12.270,9.473,12.533,0.000,0.000,10.358,3.513,3.200,123.355,336.090,1923.371,2940,874,466,332160
2026-07-13T19:57:13.7379731Z,276.400,Game,99,98.72,10.129,9.731,14.270,16.653,16.653,10.031,17.006,0.000,0.000,9.089,3.996,3.656,78.460,336.473,1924.051,2840,827,496,308193
2026-07-13T19:57:14.7406602Z,277.404,Game,101,100.56,9.945,9.916,11.220,12.417,14.172,9.841,14.199,0.000,0.000,9.149,3.641,8.002,153.979,337.434,1924.066,2748,828,493,327698
2026-07-13T19:57:15.7420330Z,278.406,Game,100,99.82,10.018,9.926,11.344,13.197,14.803,9.919,15.993,0.000,0.000,8.876,3.082,14.857,128.133,339.313,1925.453,3627,834,572,373785
2026-07-13T19:57:16.7538193Z,279.415,Game,101,100.05,9.995,9.968,11.271,12.291,13.323,9.906,13.918,0.000,0.000,10.457,3.279,0.385,5.440,339.355,1925.438,3652,845,576,374554
2026-07-13T19:57:17.7584474Z,280.422,Game,99,98.35,10.168,10.006,12.214,17.800,17.800,10.053,16.647,0.000,0.000,9.038,3.636,0.680,33.447,339.438,1925.422,3259,895,512,375702
2026-07-13T19:57:18.7691875Z,281.431,Game,98,97.08,10.300,10.347,12.309,15.683,15.683,10.204,17.670,0.000,0.000,10.007,4.912,7.166,127.708,340.199,1925.473,2749,792,459,312707
2026-07-13T19:57:19.7770244Z,282.438,Game,101,100.30,9.970,9.920,11.650,12.972,13.110,9.873,13.812,0.000,0.000,9.547,3.317,6.733,99.447,340.941,1925.781,3189,808,552,329600
2026-07-13T19:57:20.7769560Z,283.439,Game,102,101.98,9.806,9.842,11.398,11.906,12.956,9.699,13.191,0.000,0.000,9.067,3.586,3.140,62.861,341.324,1925.402,2640,724,452,321231
2026-07-13T19:57:21.7804881Z,284.443,Game,95,94.56,10.575,10.391,12.980,13.907,13.907,10.454,13.961,0.000,0.000,8.943,3.413,23.186,154.348,344.148,1930.805,2768,703,462,320763
2026-07-13T19:57:22.7855796Z,285.448,Game,108,107.45,9.307,9.052,10.519,12.242,18.580,9.225,18.981,0.000,0.000,8.659,3.553,0.179,1.420,344.168,1930.773,2725,678,445,317140
